"role_id","user_id","branch_id"
"6","2314","24"
"6","2313","28"
"6","2312","23"
"6","2311","11"
"6","2310","23"
"6","2309","23"
"6","2308","22"
"6","2307","22"
"6","2306","29"
"6","2305","5"
"6","2304","20"
"6","2303","13"
"6","2302","13"
"6","2301","4"
"6","2300","27"
"6","2299","20"
"6","2298","30"
"6","2297","30"
"6","2296","8"
"6","2295","8"
"6","2294","13"
"6","2293","30"
"6","2292","30"
"6","2291","11"
"6","2290","25"
"6","2289","20"
"6","2288","20"
"5","2287","23"
"6","2286","30"
"6","2285","30"
"6","2284","30"
"6","2283","30"
"6","2282","29"
"6","2281","29"
"6","2280","24"
"6","2279","21"
"6","2278","20"
"6","2277","4"
"5","2276","30"
"6","2275","22"
"6","2274","18"
"6","2273","27"
"6","2272","27"
"6","2271","27"
"5","2270","28"
"6","2269","25"
"6","2268","20"
"6","2267","21"
"6","2266","16"
"6","2265","30"
"6","2264","28"
"6","2263","24"
"6","2262","23"
"6","2261","5"
"6","2260","5"
"6","2259","5"
"6","2258","30"
"6","2257","30"
"6","2256","30"
"6","2255","30"
"6","2254","30"
"6","2253","30"
"6","2252","30"
"6","2251","29"
"6","2250","30"
"5","2249","30"
"6","2248","7"
"6","2247","29"
"6","2246","28"
"3","2245","30"
"6","2244","28"
"6","2243","9"
"6","2242","9"
"6","2241","28"
"6","2240","28"
"6","2239","27"
"6","2238","4"
"6","2237","4"
"6","2236","18"
"6","2235","28"
"6","2234","5"
"6","2233","24"
"5","2232","29"
"6","2231","29"
"6","2230","20"
"6","2229","20"
"6","2228","20"
"6","2227","20"
"6","2226","20"
"6","2225","11"
"6","2224","18"
"6","2223","22"
"6","2222","25"
"6","2221","9"
"6","2220","9"
"6","2219","16"
"6","2218","16"
"6","2217","16"
"6","2216","3"
"6","2215","4"
"6","2214","28"
"6","2213","27"
"6","2212","29"
"6","2211","29"
"6","2210","29"
"6","2209","19"
"6","2208","25"
"6","2207","18"
"6","2206","29"
"5","2205","29"
"6","2204","24"
"6","2203","2"
"6","2202","11"
"6","2201","7"
"6","2200","11"
"6","2199","29"
"6","2198","11"
"5","2197","1"
"6","2196","29"
"5","2195","29"
"3","2194","29"
"6","2193","23"
"6","2192","23"
"6","2191","9"
"6","2190","4"
"6","2189","4"
"6","2188","3"
"6","2187","18"
"6","2186","18"
"6","2185","20"
"6","2184","1"
"6","2183","1"
"6","2182","18"
"6","2181","18"
"6","2180","4"
"6","2179","4"
"6","2178","4"
"6","2177","4"
"6","2176","24"
"6","2175","17"
"6","2174","25"
"6","2173","25"
"6","2172","23"
"6","2171","25"
"6","2170","13"
"5","2169","24"
"6","2168","18"
"6","2167","3"
"6","2166","11"
"4","2165","2"
"6","2164","27"
"6","2163","2"
"6","2162","16"
"6","2161","27"
"6","2160","18"
"6","2159","2"
"6","2158","2"
"6","2157","2"
"6","2156","25"
"6","2155","18"
"6","2154","24"
"6","2153","9"
"6","2152","9"
"6","2151","16"
"6","2150","28"
"6","2149","11"
"6","2148","11"
"6","2147","4"
"6","2146","25"
"6","2145","7"
"5","2144","28"
"5","2143","22"
"5","2142","22"
"6","2141","22"
"6","2140","23"
"6","2139","28"
"6","2138","28"
"6","2137","28"
"6","2136","28"
"6","2135","28"
"6","2134","28"
"6","2133","19"
"6","2132","25"
"6","2131","4"
"6","2130","18"
"5","2129","18"
"6","2128","18"
"6","2127","18"
"6","2126","18"
"6","2125","11"
"6","2124","25"
"6","2123","27"
"6","2122","18"
"6","2121","23"
"5","2120","18"
"6","2119","3"
"6","2118","11"
"6","2117","11"
"6","2116","7"
"6","2115","7"
"6","2114","2"
"6","2113","2"
"6","2112","2"
"6","2111","24"
"6","2110","28"
"6","2109","28"
"6","2108","28"
"6","2107","28"
"6","2106","24"
"6","2105","25"
"6","2104","18"
"6","2103","24"
"6","2102","3"
"5","2101","28"
"6","2100","13"
"6","2099","20"
"6","2098","27"
"6","2097","19"
"6","2096","28"
"6","2095","28"
"6","2094","28"
"6","2093","28"
"6","2092","28"
"6","2091","28"
"5","2090","28"
"6","2089","27"
"5","2088","21"
"6","2087","3"
"5","2086","19"
"5","2086","23"
"5","2085","19"
"6","2084","19"
"6","2083","27"
"6","2082","24"
"6","2081","4"
"6","2080","4"
"6","2079","17"
"6","2078","17"
"6","2077","17"
"6","2076","17"
"6","2075","17"
"6","2074","17"
"6","2073","17"
"6","2072","5"
"6","2071","25"
"3","2070","28"
"6","2069","11"
"6","2068","9"
"6","2067","23"
"6","2066","23"
"6","2065","4"
"6","2064","23"
"6","2063","16"
"6","2062","16"
"6","2061","25"
"6","2060","27"
"6","2059","27"
"6","2058","19"
"6","2057","11"
"6","2056","11"
"6","2055","11"
"6","2054","4"
"6","2053","6"
"6","2052","6"
"6","2051","4"
"6","2050","24"
"6","2049","4"
"6","2048","22"
"6","2047","4"
"6","2046","18"
"4","2045","2"
"6","2044","5"
"6","2043","5"
"6","2042","5"
"6","2041","5"
"6","2040","5"
"6","2039","8"
"6","2038","4"
"6","2037","2"
"6","2036","20"
"6","2035","2"
"6","2034","8"
"6","2033","8"
"6","2032","8"
"6","2031","18"
"6","2030","4"
"6","2029","2"
"6","2028","22"
"6","2027","22"
"6","2026","22"
"6","2025","27"
"6","2024","3"
"6","2023","25"
"6","2022","13"
"6","2021","13"
"6","2020","18"
"6","2019","23"
"6","2018","4"
"6","2017","4"
"6","2016","18"
"6","2015","22"
"6","2014","4"
"6","2013","4"
"6","2012","20"
"6","2011","25"
"6","2010","24"
"6","2009","7"
"6","2008","7"
"6","2007","7"
"6","2006","4"
"6","2005","27"
"6","2004","9"
"6","2003","25"
"6","2002","27"
"6","2001","4"
"6","2000","4"
"6","1999","6"
"6","1998","6"
"6","1997","6"
"6","1996","6"
"6","1995","23"
"6","1994","3"
"6","1993","2"
"6","1992","2"
"6","1991","4"
"6","1990","2"
"6","1989","11"
"6","1988","11"
"6","1987","11"
"5","1986","25"
"6","1985","27"
"6","1984","27"
"6","1983","27"
"6","1982","27"
"6","1981","27"
"6","1980","4"
"6","1979","18"
"6","1978","2"
"6","1977","2"
"6","1976","2"
"6","1975","8"
"6","1974","2"
"6","1973","22"
"6","1972","24"
"6","1971","24"
"6","1970","3"
"6","1969","20"
"6","1968","18"
"6","1967","2"
"6","1966","2"
"6","1965","2"
"6","1964","9"
"6","1963","9"
"6","1962","4"
"6","1961","25"
"6","1960","18"
"5","1959","19"
"6","1958","22"
"6","1957","22"
"6","1956","18"
"6","1955","18"
"6","1954","25"
"6","1953","4"
"6","1952","25"
"6","1951","4"
"6","1950","4"
"6","1949","14"
"6","1948","14"
"6","1947","14"
"6","1946","20"
"6","1945","27"
"6","1944","25"
"6","1943","3"
"6","1942","23"
"6","1941","27"
"6","1940","27"
"6","1939","27"
"6","1938","27"
"6","1937","27"
"6","1936","18"
"6","1935","18"
"6","1934","25"
"6","1933","17"
"6","1932","17"
"6","1931","17"
"6","1930","17"
"6","1929","27"
"5","1928","27"
"5","1927","27"
"6","1926","2"
"6","1925","2"
"3","1924","27"
"6","1923","16"
"6","1922","2"
"6","1921","2"
"6","1920","2"
"6","1919","2"
"6","1918","5"
"6","1917","6"
"6","1916","11"
"6","1915","11"
"6","1914","11"
"6","1913","11"
"6","1912","25"
"6","1911","25"
"6","1910","23"
"6","1909","18"
"6","1908","19"
"6","1907","25"
"6","1906","25"
"6","1905","25"
"6","1904","25"
"6","1903","9"
"6","1902","25"
"6","1901","18"
"6","1900","16"
"6","1899","16"
"6","1898","25"
"6","1897","11"
"6","1896","11"
"6","1895","11"
"6","1894","25"
"6","1893","25"
"6","1892","25"
"6","1891","25"
"6","1890","25"
"6","1889","25"
"5","1888","25"
"6","1887","4"
"6","1886","4"
"6","1885","4"
"6","1884","21"
"6","1883","3"
"6","1882","3"
"6","1881","3"
"6","1880","23"
"6","1879","7"
"6","1878","7"
"6","1877","7"
"6","1876","19"
"3","1875","26"
"3","1874","25"
"6","1873","19"
"6","1872","19"
"6","1871","14"
"6","1870","7"
"6","1869","7"
"6","1868","7"
"6","1867","7"
"6","1866","7"
"6","1865","20"
"6","1864","20"
"6","1863","20"
"6","1862","20"
"6","1861","20"
"6","1860","20"
"6","1859","20"
"6","1858","9"
"6","1857","4"
"6","1856","4"
"6","1855","4"
"6","1854","4"
"6","1853","22"
"6","1852","22"
"6","1851","22"
"6","1850","11"
"6","1849","17"
"6","1848","17"
"6","1847","17"
"6","1846","17"
"6","1845","17"
"6","1844","4"
"6","1843","7"
"6","1842","6"
"6","1841","6"
"6","1840","6"
"6","1839","4"
"6","1838","21"
"6","1837","11"
"6","1836","23"
"6","1835","8"
"6","1834","17"
"6","1833","22"
"6","1832","4"
"6","1831","19"
"6","1830","16"
"6","1829","16"
"6","1828","24"
"6","1827","13"
"6","1826","22"
"6","1825","22"
"6","1824","23"
"6","1823","7"
"6","1822","24"
"6","1821","13"
"6","1820","13"
"6","1819","13"
"6","1818","17"
"6","1817","4"
"6","1816","4"
"6","1815","4"
"6","1814","4"
"6","1813","24"
"6","1812","5"
"6","1811","5"
"6","1810","5"
"6","1809","5"
"6","1808","5"
"6","1807","22"
"6","1806","11"
"6","1805","11"
"6","1804","11"
"6","1803","23"
"6","1802","17"
"6","1801","8"
"6","1800","8"
"6","1799","8"
"6","1798","24"
"6","1797","24"
"5","1796","4"
"5","1796","24"
"6","1795","14"
"6","1794","14"
"6","1793","14"
"6","1792","23"
"6","1791","17"
"6","1790","17"
"6","1789","17"
"6","1788","16"
"6","1787","7"
"6","1786","7"
"6","1785","7"
"6","1784","11"
"6","1783","9"
"6","1782","24"
"6","1781","24"
"6","1780","3"
"6","1779","3"
"6","1778","11"
"6","1777","22"
"6","1776","18"
"6","1775","22"
"6","1774","22"
"6","1773","24"
"6","1772","19"
"6","1771","19"
"6","1770","6"
"6","1769","19"
"6","1768","19"
"6","1767","9"
"6","1766","24"
"6","1765","9"
"5","1764","24"
"6","1763","24"
"5","1762","22"
"5","1761","22"
"6","1760","20"
"6","1759","21"
"6","1758","20"
"5","1757","21"
"6","1756","20"
"5","1755","24"
"6","1754","24"
"6","1753","23"
"6","1752","24"
"6","1751","11"
"6","1750","11"
"6","1749","11"
"6","1748","11"
"6","1747","11"
"6","1746","11"
"6","1745","11"
"6","1744","22"
"6","1743","22"
"6","1742","24"
"6","1741","22"
"6","1740","22"
"6","1739","22"
"5","1738","23"
"5","1737","23"
"6","1736","24"
"6","1735","24"
"6","1734","17"
"6","1733","22"
"6","1732","16"
"6","1731","22"
"6","1730","16"
"6","1729","16"
"6","1728","24"
"6","1727","24"
"6","1726","24"
"6","1725","24"
"6","1724","17"
"6","1723","17"
"6","1722","24"
"6","1721","24"
"5","1720","24"
"6","1719","22"
"6","1718","22"
"6","1717","22"
"6","1716","22"
"6","1715","2"
"6","1714","4"
"6","1713","22"
"6","1712","23"
"6","1711","8"
"6","1710","14"
"6","1709","23"
"6","1708","23"
"6","1707","23"
"6","1706","23"
"6","1705","23"
"6","1704","23"
"6","1703","23"
"6","1702","23"
"6","1701","23"
"6","1700","23"
"6","1699","23"
"6","1698","7"
"6","1697","22"
"6","1696","23"
"5","1695","23"
"5","1694","22"
"3","1693","24"
"3","1692","23"
"3","1691","22"
"6","1690","18"
"6","1689","17"
"6","1688","17"
"6","1687","20"
"6","1686","11"
"6","1685","14"
"6","1684","14"
"6","1683","16"
"6","1682","16"
"6","1681","20"
"6","1680","6"
"5","1679","17"
"6","1678","5"
"6","1677","5"
"6","1676","11"
"6","1675","19"
"6","1674","11"
"6","1673","18"
"6","1672","20"
"6","1671","9"
"6","1670","9"
"6","1669","17"
"6","1668","17"
"6","1667","17"
"5","1666","21"
"6","1665","21"
"6","1664","20"
"6","1663","20"
"6","1662","21"
"6","1661","2"
"6","1660","19"
"5","1659","19"
"6","1658","11"
"6","1657","5"
"6","1656","20"
"6","1655","20"
"5","1654","19"
"6","1653","19"
"6","1652","18"
"6","1651","11"
"6","1650","19"
"6","1649","16"
"6","1648","9"
"6","1647","2"
"6","1646","20"
"6","1645","17"
"6","1644","17"
"6","1643","17"
"6","1642","21"
"6","1641","21"
"6","1640","7"
"6","1639","20"
"6","1638","2"
"6","1637","4"
"6","1636","2"
"6","1635","4"
"6","1634","19"
"6","1633","3"
"6","1632","3"
"6","1631","19"
"6","1630","19"
"6","1629","19"
"6","1628","19"
"6","1627","19"
"6","1626","20"
"6","1625","20"
"6","1624","21"
"6","1623","17"
"5","1622","20"
"5","1621","20"
"6","1620","20"
"5","1619","21"
"6","1618","21"
"6","1617","11"
"6","1616","19"
"6","1615","19"
"6","1614","20"
"6","1613","20"
"6","1612","19"
"6","1611","19"
"6","1610","6"
"6","1609","21"
"6","1608","21"
"6","1607","21"
"6","1606","21"
"6","1605","21"
"6","1604","21"
"6","1603","19"
"5","1602","17"
"6","1601","20"
"6","1600","21"
"5","1599","20"
"5","1598","21"
"4","1597","20"
"6","1596","18"
"6","1595","17"
"6","1594","2"
"6","1593","16"
"6","1592","16"
"3","1591","21"
"3","1590","20"
"6","1589","19"
"6","1588","19"
"6","1587","9"
"6","1586","14"
"6","1585","19"
"6","1584","19"
"6","1583","17"
"6","1582","17"
"6","1581","14"
"6","1580","14"
"6","1579","14"
"6","1578","5"
"6","1577","5"
"6","1576","5"
"6","1575","7"
"6","1574","19"
"6","1573","19"
"6","1572","18"
"6","1571","3"
"6","1570","3"
"6","1569","3"
"6","1568","3"
"6","1567","3"
"6","1566","3"
"6","1565","19"
"6","1564","6"
"6","1563","8"
"6","1562","17"
"6","1561","17"
"6","1560","2"
"6","1559","2"
"6","1558","19"
"6","1557","18"
"6","1556","19"
"6","1555","19"
"6","1554","18"
"6","1553","18"
"6","1552","19"
"6","1551","19"
"6","1550","19"
"6","1549","19"
"6","1548","19"
"6","1547","19"
"6","1546","19"
"6","1545","18"
"5","1544","18"
"5","1543","17"
"5","1542","17"
"5","1541","18"
"6","1540","19"
"6","1539","18"
"6","1538","18"
"5","1537","18"
"5","1536","19"
"6","1535","16"
"6","1534","16"
"3","1533","19"
"6","1532","16"
"6","1531","16"
"6","1530","9"
"6","1529","13"
"6","1528","17"
"6","1527","6"
"6","1526","7"
"6","1525","7"
"6","1524","3"
"6","1523","3"
"6","1522","4"
"6","1521","2"
"6","1520","2"
"6","1519","2"
"6","1518","17"
"6","1517","13"
"6","1516","7"
"6","1515","7"
"6","1514","7"
"6","1513","17"
"6","1512","17"
"6","1511","17"
"6","1510","14"
"6","1509","5"
"6","1508","16"
"6","1507","16"
"6","1506","13"
"6","1505","13"
"6","1504","17"
"6","1503","17"
"6","1502","17"
"6","1501","11"
"6","1500","6"
"5","1499","17"
"6","1498","17"
"6","1497","2"
"6","1496","2"
"6","1495","16"
"6","1494","4"
"6","1493","4"
"6","1492","4"
"6","1491","4"
"6","1490","4"
"6","1489","17"
"6","1488","17"
"6","1487","17"
"6","1486","14"
"6","1485","14"
"6","1484","6"
"6","1483","6"
"6","1482","3"
"6","1481","11"
"6","1480","17"
"6","1479","17"
"6","1478","17"
"6","1477","17"
"6","1476","17"
"6","1475","17"
"6","1474","17"
"6","1473","17"
"6","1472","17"
"6","1471","16"
"6","1470","16"
"6","1469","14"
"6","1468","17"
"5","1467","17"
"6","1466","7"
"6","1465","7"
"6","1464","9"
"6","1463","9"
"6","1462","5"
"6","1461","5"
"6","1460","13"
"3","1459","18"
"3","1458","17"
"6","1457","3"
"6","1456","3"
"6","1455","9"
"6","1454","13"
"6","1453","11"
"6","1452","11"
"6","1451","11"
"6","1450","11"
"6","1449","11"
"6","1448","6"
"6","1447","6"
"4","1446","11"
"5","1445","11"
"6","1444","7"
"6","1443","7"
"6","1442","9"
"6","1441","9"
"6","1440","5"
"6","1439","16"
"6","1438","16"
"6","1437","2"
"6","1436","8"
"6","1435","4"
"6","1434","4"
"6","1433","14"
"6","1432","13"
"6","1431","13"
"6","1430","13"
"6","1429","2"
"6","1428","9"
"6","1427","9"
"6","1426","16"
"6","1425","16"
"6","1424","16"
"6","1423","14"
"6","1422","14"
"6","1421","9"
"6","1420","14"
"6","1419","11"
"6","1418","11"
"6","1417","11"
"6","1416","9"
"6","1415","9"
"6","1414","3"
"6","1413","6"
"6","1412","7"
"6","1411","7"
"6","1410","7"
"6","1409","3"
"6","1408","4"
"6","1407","4"
"6","1406","5"
"6","1405","16"
"6","1404","11"
"6","1403","16"
"6","1402","16"
"6","1401","16"
"6","1400","13"
"6","1399","13"
"6","1398","13"
"6","1397","11"
"6","1396","11"
"6","1395","13"
"6","1394","5"
"6","1393","7"
"6","1392","6"
"6","1391","6"
"6","1390","6"
"6","1389","6"
"6","1388","3"
"6","1387","7"
"6","1386","7"
"6","1385","16"
"6","1384","16"
"6","1383","13"
"6","1382","13"
"6","1381","16"
"6","1380","9"
"6","1379","9"
"6","1378","6"
"6","1377","2"
"6","1376","2"
"6","1375","14"
"6","1374","14"
"6","1373","11"
"6","1372","4"
"6","1371","4"
"6","1370","4"
"6","1369","4"
"6","1368","4"
"6","1367","5"
"6","1366","5"
"6","1365","5"
"6","1364","5"
"6","1363","5"
"6","1362","7"
"6","1361","9"
"6","1360","4"
"6","1359","4"
"6","1358","6"
"6","1357","3"
"6","1356","2"
"6","1355","2"
"6","1354","2"
"6","1353","6"
"6","1352","7"
"6","1351","3"
"6","1350","4"
"6","1349","13"
"5","1348","9"
"6","1347","13"
"6","1346","6"
"6","1345","6"
"6","1344","6"
"6","1343","9"
"6","1342","16"
"6","1341","16"
"6","1340","4"
"6","1339","9"
"6","1338","9"
"6","1337","3"
"6","1336","4"
"6","1335","4"
"6","1334","4"
"6","1333","4"
"6","1332","4"
"6","1331","14"
"6","1330","16"
"6","1329","16"
"6","1328","16"
"6","1327","14"
"6","1326","14"
"5","1325","14"
"6","1324","4"
"6","1323","7"
"6","1322","13"
"6","1321","6"
"6","1320","6"
"6","1319","9"
"6","1318","16"
"6","1317","16"
"6","1316","16"
"6","1315","13"
"6","1314","13"
"6","1313","2"
"6","1312","13"
"6","1311","3"
"6","1310","11"
"6","1309","11"
"6","1308","11"
"6","1307","11"
"6","1306","9"
"5","1305","16"
"4","1304","16"
"6","1303","9"
"6","1302","9"
"6","1301","5"
"6","1300","14"
"6","1299","2"
"6","1298","4"
"6","1297","4"
"6","1296","4"
"6","1295","4"
"6","1294","4"
"6","1293","4"
"6","1292","4"
"6","1291","4"
"6","1290","2"
"6","1289","7"
"6","1288","7"
"6","1287","11"
"6","1286","11"
"6","1285","11"
"6","1284","9"
"6","1283","7"
"6","1282","7"
"6","1281","7"
"6","1280","7"
"6","1279","2"
"6","1278","9"
"6","1277","3"
"6","1276","3"
"6","1275","3"
"6","1274","3"
"6","1273","3"
"6","1272","3"
"6","1271","3"
"6","1270","3"
"6","1269","3"
"6","1268","3"
"6","1267","3"
"6","1266","3"
"6","1265","13"
"6","1264","13"
"6","1263","6"
"6","1262","6"
"6","1261","5"
"6","1260","5"
"6","1259","5"
"6","1258","5"
"6","1257","5"
"6","1256","6"
"3","1255","16"
"6","1254","14"
"6","1253","14"
"6","1252","14"
"6","1251","13"
"6","1250","11"
"6","1249","11"
"6","1248","2"
"6","1247","14"
"6","1246","13"
"6","1245","13"
"6","1244","13"
"6","1243","13"
"6","1242","13"
"6","1241","3"
"6","1240","4"
"6","1239","17"
"6","1238","4"
"6","1237","2"
"6","1236","2"
"5","1235","9"
"6","1234","9"
"6","1233","9"
"6","1232","14"
"6","1231","9"
"6","1230","7"
"6","1229","7"
"6","1228","7"
"6","1227","6"
"6","1226","5"
"6","1225","5"
"6","1224","5"
"6","1223","14"
"6","1222","14"
"6","1221","14"
"6","1220","9"
"6","1219","3"
"6","1218","6"
"6","1217","2"
"6","1216","5"
"6","1215","5"
"6","1214","5"
"6","1213","5"
"6","1212","9"
"6","1211","4"
"6","1210","4"
"6","1209","4"
"6","1208","4"
"6","1207","4"
"6","1206","9"
"6","1205","9"
"6","1204","9"
"6","1203","3"
"6","1202","14"
"6","1201","13"
"6","1200","3"
"6","1199","3"
"6","1198","4"
"6","1197","4"
"6","1196","4"
"6","1195","17"
"6","1194","7"
"6","1193","7"
"6","1192","7"
"6","1191","7"
"6","1190","7"
"6","1189","7"
"6","1188","7"
"6","1187","7"
"5","1186","14"
"6","1185","14"
"6","1184","3"
"5","1183","14"
"6","1182","14"
"6","1181","13"
"6","1180","13"
"6","1179","6"
"5","1178","14"
"6","1177","3"
"6","1176","3"
"6","1175","9"
"6","1174","9"
"6","1173","9"
"6","1172","14"
"6","1171","14"
"6","1170","11"
"6","1169","7"
"6","1168","7"
"6","1167","7"
"6","1166","5"
"6","1165","4"
"6","1164","4"
"6","1163","4"
"6","1162","4"
"6","1161","4"
"6","1160","4"
"6","1159","4"
"6","1158","8"
"6","1157","8"
"6","1156","3"
"6","1155","9"
"6","1154","3"
"6","1153","3"
"6","1152","14"
"6","1151","14"
"6","1150","6"
"6","1149","6"
"6","1148","13"
"6","1147","5"
"6","1146","11"
"6","1145","9"
"6","1144","9"
"6","1143","3"
"6","1142","14"
"6","1141","14"
"6","1140","14"
"6","1139","6"
"6","1138","6"
"6","1137","14"
"6","1136","3"
"6","1135","3"
"6","1134","8"
"6","1133","8"
"6","1132","4"
"6","1131","4"
"5","1130","14"
"5","1129","14"
"6","1128","13"
"6","1127","13"
"6","1126","13"
"6","1125","6"
"6","1124","3"
"6","1123","4"
"6","1122","4"
"6","1121","4"
"6","1120","4"
"6","1119","7"
"6","1118","7"
"6","1117","7"
"6","1116","7"
"6","1115","7"
"6","1114","3"
"6","1113","5"
"6","1112","5"
"6","1111","14"
"6","1110","14"
"6","1109","14"
"6","1108","14"
"6","1107","14"
"6","1106","14"
"6","1105","6"
"6","1104","6"
"6","1103","6"
"3","1102","14"
"6","1101","7"
"6","1100","13"
"6","1099","13"
"6","1098","2"
"6","1097","2"
"6","1096","6"
"6","1095","3"
"6","1094","3"
"6","1093","2"
"6","1092","11"
"6","1091","11"
"6","1090","11"
"6","1089","3"
"6","1088","3"
"6","1087","2"
"6","1086","11"
"6","1085","5"
"6","1084","6"
"6","1083","4"
"6","1082","4"
"6","1081","3"
"6","1080","9"
"6","1079","9"
"6","1078","9"
"6","1077","9"
"6","1076","6"
"6","1075","8"
"6","1074","8"
"6","1073","3"
"6","1072","4"
"6","1071","13"
"6","1070","13"
"6","1069","4"
"6","1068","7"
"6","1067","7"
"6","1066","7"
"6","1065","6"
"6","1064","9"
"6","1063","13"
"6","1062","13"
"6","1061","3"
"6","1060","3"
"6","1059","6"
"6","1058","2"
"6","1057","2"
"6","1056","5"
"6","1055","7"
"6","1054","7"
"6","1053","7"
"6","1052","7"
"6","1051","7"
"6","1050","7"
"6","1049","7"
"6","1048","7"
"6","1047","3"
"6","1046","13"
"6","1045","4"
"6","1044","4"
"6","1043","4"
"6","1042","4"
"6","1041","4"
"6","1040","9"
"6","1039","9"
"5","1038","9"
"6","1037","6"
"6","1036","2"
"6","1035","2"
"6","1034","2"
"6","1033","11"
"6","1032","11"
"6","1031","4"
"6","1030","4"
"6","1029","13"
"6","1028","2"
"6","1027","2"
"6","1026","2"
"6","1025","13"
"6","1024","8"
"6","1023","6"
"6","1022","6"
"6","1021","3"
"6","1020","3"
"6","1019","5"
"6","1018","13"
"6","1017","13"
"6","1016","11"
"6","1015","9"
"6","1014","3"
"6","1013","3"
"6","1012","3"
"6","1011","8"
"6","1010","5"
"6","1009","8"
"6","1008","7"
"6","1007","7"
"6","1006","7"
"6","1005","7"
"6","1004","7"
"6","1003","7"
"6","1002","7"
"6","1001","7"
"6","1000","7"
"6","999","7"
"6","998","7"
"6","997","7"
"6","996","4"
"6","995","9"
"6","994","2"
"6","993","2"
"6","992","2"
"6","991","4"
"6","990","4"
"6","989","4"
"6","988","4"
"6","987","4"
"6","986","4"
"6","985","3"
"6","984","3"
"6","983","3"
"6","982","3"
"6","981","9"
"6","980","13"
"6","979","4"
"6","978","5"
"6","977","11"
"6","976","9"
"6","975","9"
"6","974","9"
"6","973","5"
"6","972","2"
"6","971","5"
"6","970","7"
"6","969","7"
"6","968","7"
"6","967","6"
"6","966","4"
"6","965","4"
"6","964","4"
"6","963","6"
"6","962","11"
"6","961","13"
"6","960","13"
"6","959","4"
"6","958","3"
"6","957","5"
"6","956","5"
"6","955","5"
"6","954","5"
"6","953","9"
"6","952","4"
"6","951","13"
"6","950","6"
"6","949","3"
"6","948","3"
"6","947","2"
"6","946","2"
"6","945","5"
"6","944","2"
"6","943","6"
"6","942","6"
"6","941","6"
"6","940","3"
"6","939","9"
"6","938","3"
"6","937","13"
"6","936","5"
"6","935","22"
"6","934","4"
"6","933","2"
"6","932","13"
"6","931","13"
"6","930","13"
"6","929","13"
"6","928","4"
"6","927","4"
"6","926","4"
"6","925","8"
"6","924","8"
"6","923","3"
"6","922","3"
"6","921","3"
"6","920","3"
"6","919","6"
"6","918","6"
"6","917","9"
"6","916","3"
"6","915","7"
"6","914","9"
"6","913","2"
"6","912","13"
"6","911","5"
"6","910","6"
"6","909","3"
"6","908","9"
"5","907","11"
"6","906","13"
"6","905","8"
"6","904","8"
"6","903","4"
"6","902","4"
"6","901","4"
"6","900","4"
"6","899","4"
"6","898","4"
"6","897","9"
"6","896","9"
"6","895","7"
"6","894","7"
"6","893","11"
"5","892","9"
"6","891","5"
"6","890","5"
"6","889","2"
"6","888","2"
"6","887","9"
"6","886","7"
"6","885","7"
"6","884","7"
"6","883","6"
"6","881","3"
"6","880","2"
"6","879","6"
"6","878","11"
"6","877","7"
"6","876","6"
"6","875","7"
"6","874","7"
"6","873","7"
"6","872","8"
"6","871","8"
"6","870","8"
"6","869","8"
"6","868","11"
"6","867","9"
"6","866","9"
"6","865","9"
"6","864","11"
"6","863","13"
"6","862","4"
"6","861","4"
"6","860","4"
"6","859","4"
"6","858","7"
"6","857","7"
"6","856","11"
"3","855","15"
"5","854","4"
"5","854","9"
"5","853","4"
"5","853","9"
"6","852","13"
"6","851","5"
"6","850","6"
"6","849","2"
"6","848","2"
"6","847","4"
"6","846","4"
"6","845","5"
"6","844","5"
"6","843","7"
"6","842","7"
"6","841","7"
"6","840","7"
"6","839","7"
"6","838","4"
"6","837","4"
"6","836","4"
"6","835","4"
"6","834","7"
"6","833","7"
"6","832","7"
"6","831","6"
"6","830","11"
"6","829","2"
"6","828","6"
"6","827","6"
"6","826","6"
"6","825","2"
"4","824","5"
"4","823","5"
"5","822","6"
"5","822","13"
"6","821","13"
"6","820","13"
"6","819","6"
"6","818","9"
"6","817","3"
"6","816","5"
"6","815","5"
"6","814","13"
"6","813","3"
"6","812","5"
"6","811","4"
"6","809","4"
"6","808","7"
"6","807","7"
"6","806","7"
"6","805","7"
"6","804","3"
"6","803","3"
"6","802","9"
"6","801","5"
"6","800","11"
"6","799","11"
"6","798","4"
"6","797","2"
"6","796","6"
"6","795","9"
"6","794","9"
"6","793","2"
"6","792","2"
"6","791","3"
"6","790","11"
"5","789","11"
"5","788","7"
"5","788","11"
"5","787","11"
"6","786","11"
"6","785","3"
"6","784","5"
"6","783","2"
"6","782","6"
"6","781","6"
"6","780","13"
"6","779","2"
"6","778","6"
"6","777","9"
"6","776","2"
"6","775","2"
"5","774","10"
"6","773","11"
"6","772","5"
"6","771","4"
"6","770","6"
"6","769","6"
"6","768","6"
"6","767","3"
"6","766","9"
"6","765","9"
"6","764","9"
"6","763","2"
"6","762","4"
"6","761","6"
"6","760","4"
"6","759","11"
"6","758","11"
"6","757","4"
"6","756","7"
"6","755","7"
"6","754","7"
"6","753","7"
"6","752","9"
"6","751","13"
"6","750","13"
"6","749","12"
"6","748","12"
"4","747","13"
"5","746","2"
"5","746","13"
"6","745","3"
"6","744","3"
"6","743","3"
"6","742","3"
"6","741","3"
"6","740","3"
"6","739","3"
"6","738","3"
"6","737","2"
"6","736","4"
"6","735","4"
"6","734","2"
"6","733","2"
"6","732","2"
"5","731","13"
"6","730","5"
"6","729","5"
"6","728","5"
"6","727","5"
"6","726","13"
"6","725","13"
"6","724","4"
"6","723","4"
"6","722","4"
"6","721","4"
"6","720","10"
"6","719","10"
"6","718","6"
"6","717","6"
"6","716","11"
"6","715","6"
"6","714","7"
"6","713","7"
"6","712","7"
"6","711","4"
"6","710","4"
"6","709","4"
"6","708","7"
"6","707","6"
"6","706","5"
"6","705","5"
"6","704","5"
"6","703","4"
"6","702","4"
"6","701","4"
"6","700","9"
"6","699","6"
"6","698","9"
"6","697","6"
"6","696","2"
"6","695","13"
"6","694","12"
"6","693","2"
"6","692","2"
"6","691","2"
"6","690","2"
"6","689","2"
"6","688","2"
"6","687","2"
"6","686","2"
"6","685","2"
"6","684","2"
"6","683","2"
"6","682","2"
"6","681","5"
"6","680","5"
"3","679","3"
"6","678","2"
"6","677","2"
"6","676","9"
"6","675","9"
"6","674","13"
"5","673","6"
"5","673","13"
"6","672","3"
"6","671","8"
"6","670","7"
"6","669","7"
"6","668","13"
"6","667","13"
"6","666","5"
"6","665","2"
"6","664","2"
"6","663","2"
"6","662","2"
"6","661","2"
"6","660","2"
"6","659","2"
"6","658","2"
"6","657","2"
"6","656","2"
"6","655","2"
"6","654","2"
"6","653","2"
"6","652","2"
"6","651","2"
"6","650","7"
"6","649","7"
"6","648","7"
"6","647","2"
"6","646","7"
"6","645","2"
"6","644","2"
"6","643","2"
"6","642","7"
"6","641","4"
"6","640","3"
"6","639","3"
"6","638","3"
"6","637","3"
"6","636","3"
"6","635","3"
"6","634","3"
"6","633","3"
"6","632","3"
"6","631","3"
"6","630","3"
"6","629","2"
"6","628","6"
"6","627","6"
"6","626","6"
"6","625","6"
"6","624","6"
"6","623","6"
"6","622","7"
"6","621","4"
"6","620","2"
"6","619","12"
"6","618","12"
"6","617","5"
"6","616","4"
"6","615","4"
"6","614","4"
"6","613","4"
"6","612","4"
"6","611","4"
"6","610","4"
"6","609","4"
"6","608","6"
"6","607","6"
"6","606","6"
"6","605","6"
"6","604","6"
"6","603","6"
"6","602","6"
"6","601","6"
"6","600","6"
"6","599","6"
"6","598","4"
"6","597","4"
"6","596","4"
"6","595","4"
"6","594","6"
"6","593","12"
"6","592","4"
"6","591","13"
"6","590","13"
"6","589","13"
"6","588","7"
"6","587","7"
"3","585","13"
"5","584","11"
"6","583","6"
"6","582","3"
"6","581","3"
"6","580","9"
"6","579","5"
"6","578","3"
"6","577","3"
"6","576","3"
"6","575","3"
"6","574","3"
"6","573","7"
"6","572","7"
"6","571","7"
"6","570","7"
"6","569","7"
"6","568","7"
"6","567","7"
"6","566","7"
"6","565","7"
"6","564","7"
"6","563","7"
"6","562","7"
"6","561","7"
"6","560","7"
"6","559","7"
"6","558","7"
"6","557","7"
"6","556","7"
"6","555","7"
"6","554","7"
"6","553","7"
"6","552","7"
"6","551","7"
"6","550","7"
"6","549","2"
"6","548","2"
"6","547","2"
"6","546","2"
"6","545","2"
"6","544","2"
"6","543","2"
"6","542","2"
"6","541","2"
"6","540","2"
"6","539","2"
"6","538","2"
"6","537","2"
"6","536","2"
"6","535","2"
"6","534","2"
"6","533","2"
"6","532","2"
"6","531","2"
"6","530","2"
"6","529","2"
"6","528","2"
"6","527","2"
"6","526","4"
"6","525","3"
"6","524","3"
"6","523","3"
"6","522","3"
"6","521","3"
"6","520","3"
"6","519","3"
"6","518","3"
"6","517","3"
"6","516","3"
"6","515","3"
"6","514","3"
"6","513","3"
"6","512","3"
"6","511","4"
"6","510","4"
"6","509","4"
"6","508","4"
"6","507","4"
"6","506","4"
"6","505","4"
"6","504","4"
"6","503","4"
"6","502","4"
"6","501","4"
"6","500","4"
"6","499","5"
"6","498","5"
"6","497","2"
"6","496","2"
"6","495","2"
"6","494","2"
"6","493","2"
"6","492","2"
"6","491","2"
"6","490","2"
"6","489","2"
"6","488","2"
"6","487","2"
"6","486","3"
"6","485","3"
"6","484","3"
"6","483","3"
"6","482","2"
"6","481","2"
"6","480","2"
"6","479","2"
"6","478","2"
"6","477","2"
"6","476","2"
"6","475","2"
"6","474","2"
"6","473","5"
"6","472","5"
"6","471","5"
"6","470","5"
"6","469","5"
"6","468","5"
"6","467","5"
"6","466","5"
"6","465","5"
"6","464","5"
"6","463","5"
"6","462","5"
"6","461","4"
"6","460","4"
"6","459","4"
"6","458","4"
"6","457","4"
"6","456","4"
"6","455","4"
"6","454","4"
"6","453","4"
"6","452","4"
"6","451","4"
"6","450","4"
"6","449","4"
"6","448","4"
"6","447","4"
"6","446","4"
"6","445","5"
"6","444","5"
"6","443","5"
"6","442","5"
"6","441","5"
"6","440","5"
"6","439","5"
"6","438","4"
"6","437","5"
"6","436","5"
"6","435","5"
"6","434","5"
"6","433","5"
"6","432","5"
"6","431","5"
"6","430","4"
"6","429","5"
"6","428","4"
"6","427","5"
"6","426","4"
"6","425","4"
"6","424","5"
"6","423","4"
"6","422","4"
"6","421","5"
"6","420","4"
"6","419","4"
"6","418","4"
"6","417","4"
"6","416","3"
"6","415","3"
"6","414","3"
"6","413","3"
"6","412","3"
"6","411","3"
"6","410","3"
"6","409","3"
"6","408","3"
"6","407","3"
"6","406","3"
"6","405","3"
"6","404","3"
"6","403","3"
"6","402","3"
"6","401","3"
"6","400","3"
"6","399","3"
"6","398","3"
"6","397","3"
"6","396","3"
"6","395","3"
"6","394","3"
"6","393","3"
"6","392","3"
"6","391","3"
"6","390","3"
"6","389","3"
"6","388","3"
"6","387","3"
"6","386","3"
"6","385","3"
"4","384","3"
"6","383","6"
"6","382","6"
"6","381","6"
"6","380","6"
"6","379","6"
"6","378","6"
"6","377","6"
"6","376","6"
"6","375","6"
"6","374","6"
"6","373","6"
"6","372","6"
"6","371","6"
"6","370","6"
"6","369","6"
"6","368","6"
"6","367","6"
"6","366","6"
"6","365","6"
"6","364","6"
"6","363","6"
"6","362","6"
"6","361","6"
"6","360","6"
"6","359","6"
"6","358","6"
"6","357","6"
"6","356","6"
"6","355","6"
"6","354","6"
"6","353","6"
"6","352","6"
"6","351","6"
"6","350","6"
"6","349","6"
"6","348","6"
"6","347","6"
"6","346","6"
"6","345","6"
"6","344","6"
"6","343","6"
"6","342","6"
"6","341","6"
"6","340","6"
"6","339","6"
"6","338","6"
"6","337","6"
"6","336","6"
"6","335","6"
"6","334","6"
"6","333","6"
"6","332","6"
"6","331","6"
"6","330","6"
"6","329","6"
"6","328","6"
"6","326","6"
"6","325","6"
"6","324","8"
"6","323","8"
"6","322","8"
"6","321","8"
"6","320","8"
"6","319","6"
"6","318","8"
"6","317","8"
"6","316","6"
"6","315","8"
"6","314","8"
"6","313","8"
"6","312","8"
"6","311","6"
"6","310","6"
"6","309","6"
"6","308","6"
"6","307","6"
"6","306","12"
"6","305","12"
"6","304","8"
"6","303","8"
"6","302","8"
"6","301","8"
"6","300","8"
"6","299","8"
"6","298","8"
"6","297","8"
"6","296","8"
"6","295","8"
"6","294","8"
"6","293","8"
"6","292","8"
"6","291","8"
"6","290","2"
"6","289","2"
"6","288","6"
"6","287","6"
"6","286","5"
"6","285","5"
"6","284","5"
"6","283","7"
"6","282","7"
"4","281","5"
"4","281","8"
"4","281","13"
"6","280","9"
"6","279","9"
"6","278","9"
"6","277","6"
"6","276","6"
"6","275","6"
"6","274","6"
"6","273","12"
"6","272","12"
"6","271","12"
"6","270","12"
"6","269","12"
"6","268","9"
"6","267","9"
"6","266","12"
"6","265","12"
"6","264","9"
"6","263","12"
"6","262","9"
"6","261","9"
"6","260","9"
"6","259","9"
"6","258","9"
"6","257","9"
"6","256","9"
"6","255","9"
"6","254","9"
"6","253","12"
"6","252","9"
"6","251","9"
"6","250","12"
"6","249","12"
"6","248","12"
"6","247","9"
"6","246","9"
"6","245","12"
"6","244","9"
"6","243","9"
"6","242","12"
"6","241","9"
"6","240","9"
"6","239","9"
"6","238","9"
"6","237","9"
"6","236","9"
"6","235","9"
"6","234","9"
"6","233","9"
"6","232","9"
"6","231","3"
"6","230","3"
"6","229","9"
"6","228","2"
"6","227","9"
"6","226","9"
"6","225","9"
"6","224","9"
"6","223","9"
"6","222","9"
"6","221","9"
"6","220","9"
"6","219","9"
"6","218","9"
"6","217","3"
"6","216","3"
"6","215","11"
"6","214","8"
"6","213","8"
"6","212","3"
"6","211","3"
"6","210","3"
"6","209","3"
"6","208","7"
"6","207","7"
"6","206","7"
"6","205","7"
"6","204","2"
"6","203","2"
"6","202","2"
"6","201","2"
"6","200","2"
"6","199","10"
"6","198","10"
"6","197","7"
"6","196","7"
"6","195","10"
"6","194","10"
"6","193","10"
"6","192","10"
"6","191","10"
"6","190","10"
"6","189","10"
"6","188","10"
"6","187","10"
"6","186","10"
"6","185","10"
"6","184","10"
"6","183","10"
"6","182","10"
"6","181","10"
"6","180","10"
"6","179","10"
"6","178","10"
"6","177","5"
"6","176","5"
"6","175","5"
"6","174","5"
"6","173","6"
"6","172","6"
"6","171","6"
"6","170","6"
"6","169","6"
"6","168","6"
"6","167","4"
"6","166","4"
"6","165","4"
"6","164","4"
"6","163","4"
"6","162","5"
"6","161","5"
"6","160","10"
"6","159","11"
"6","158","11"
"6","157","11"
"6","156","11"
"6","155","11"
"6","154","11"
"6","153","11"
"6","152","11"
"6","151","11"
"6","150","11"
"6","149","11"
"6","148","5"
"6","147","5"
"6","146","5"
"6","145","11"
"6","144","11"
"6","143","11"
"6","142","11"
"6","141","11"
"6","140","11"
"6","139","11"
"6","138","11"
"6","137","11"
"6","136","11"
"6","135","11"
"6","134","11"
"6","133","11"
"6","132","11"
"5","128","12"
"5","127","11"
"5","126","12"
"5","125","12"
"5","124","12"
"5","123","3"
"5","122","6"
"5","120","3"
"5","119","7"
"5","118","4"
"5","117","6"
"5","116","2"
"5","115","5"
"5","114","8"
"5","113","8"
"5","112","8"
"5","111","8"
"5","110","9"
"5","108","9"
"5","107","9"
"5","106","9"
"5","105","9"
"5","104","9"
"5","103","11"
"5","98","11"
"5","97","3"
"5","96","3"
"5","94","4"
"5","93","4"
"5","93","7"
"5","92","7"
"5","91","4"
"5","90","4"
"5","89","6"
"5","88","6"
"5","87","6"
"5","85","6"
"4","84","6"
"5","83","2"
"5","82","2"
"5","81","2"
"5","80","2"
"5","79","2"
"5","78","5"
"5","77","5"
"5","76","5"
"3","75","12"
"3","74","11"
"3","73","10"
"3","72","9"
"3","66","8"
"4","32","2"
"3","16","7"
"3","15","6"
"3","14","5"
"3","13","4"
"3","12","3"
"3","11","2"
"3","3","1"
